f1,recall,precision,auc,accuracy,name,dataset,dataset_kind,model,prediction_kind
0.6511627906976744,0.6796116504854369,0.625,0.636712576202303,0.6031746031746031,baseline-ws-ablation-final:window-size-2-run-3,d-vlog,test,baseline,last
0.7363636363636364,0.7864077669902912,0.6923076923076923,0.787423797696997,0.6931216931216931,baseline-ws-ablation-final:window-size-2-run-3,d-vlog,test,baseline,mean
