f1,recall,precision,auc,accuracy,name,dataset,dataset_kind,model,prediction_kind
0.6608695652173914,0.7755102040816326,0.5757575757575758,0.5664399092970522,0.5851063829787234,baseline-ws-ablation-final:window-size-3-run-1,d-vlog,validation,baseline,last
0.7735849056603773,0.8367346938775511,0.7192982456140351,0.8163265306122449,0.7446808510638298,baseline-ws-ablation-final:window-size-3-run-1,d-vlog,validation,baseline,mean
