f1,recall,precision,auc,accuracy,name,dataset,dataset_kind,model,prediction_kind
0.6666666666666666,0.7551020408163265,0.5967741935483871,0.5777777777777778,0.6063829787234043,baseline-ws-ablation-final:window-size-1-run-2,d-vlog,validation,baseline,last
0.7766990291262137,0.8163265306122449,0.7407407407407407,0.7945578231292517,0.7553191489361702,baseline-ws-ablation-final:window-size-1-run-2,d-vlog,validation,baseline,mean
