f1,recall,precision,auc,accuracy,name,dataset,dataset_kind,model,prediction_kind
0.6166666666666667,0.7184466019417476,0.5401459854014599,0.5365771054414089,0.5132275132275133,baseline-ws-ablation-final:window-size-5-run-3,d-vlog,test,baseline,last
0.7661290322580645,0.9223300970873787,0.6551724137931034,0.7833596748701738,0.6931216931216931,baseline-ws-ablation-final:window-size-5-run-3,d-vlog,test,baseline,mean
