f1,recall,precision,auc,accuracy,name,dataset,dataset_kind,model,prediction_kind
0.6218487394957983,0.7184466019417476,0.5481481481481482,0.546737412508467,0.5238095238095238,baseline-ws-ablation-final:window-size-4-run-2,d-vlog,test,baseline,last
0.7551867219917013,0.883495145631068,0.6594202898550725,0.7921652743282909,0.6878306878306878,baseline-ws-ablation-final:window-size-4-run-2,d-vlog,test,baseline,mean
