f1,recall,precision,auc,accuracy,name,dataset,dataset_kind,model,prediction_kind
0.6857142857142857,0.8155339805825242,0.5915492957746479,0.6312937457665387,0.5925925925925926,baseline-ws-ablation-final:window-size-4-run-3,d-vlog,test,baseline,last
0.7698744769874478,0.8932038834951457,0.6764705882352942,0.8083088733348386,0.708994708994709,baseline-ws-ablation-final:window-size-4-run-3,d-vlog,test,baseline,mean
