f1,recall,precision,auc,accuracy,name,dataset,dataset_kind,model,prediction_kind
0.6037735849056605,0.6530612244897959,0.5614035087719298,0.5768707482993197,0.5531914893617021,baseline-ws-ablation-final:window-size-8-run-1,d-vlog,validation,baseline,last
0.8118811881188118,0.8367346938775511,0.7884615384615384,0.8140589569160998,0.7978723404255319,baseline-ws-ablation-final:window-size-8-run-1,d-vlog,validation,baseline,mean
