f1,recall,precision,auc,accuracy,name,dataset,dataset_kind,model,prediction_kind
0.6484375,0.8058252427184466,0.5424836601307189,0.5452698125987807,0.5238095238095238,baseline-ws-ablation-final:window-size-5-run-2,d-vlog,test,baseline,last
0.7606837606837606,0.8640776699029126,0.6793893129770993,0.7593136148114699,0.7037037037037037,baseline-ws-ablation-final:window-size-5-run-2,d-vlog,test,baseline,mean
