f1,recall,precision,auc,accuracy,name,dataset,dataset_kind,model,prediction_kind
0.6037735849056604,0.6213592233009708,0.5871559633027523,0.5469631971099572,0.5555555555555556,baseline-ws-ablation-final:window-size-8-run-1,d-vlog,test,baseline,last
0.7589285714285715,0.8252427184466019,0.7024793388429752,0.7885527207044479,0.7142857142857143,baseline-ws-ablation-final:window-size-8-run-1,d-vlog,test,baseline,mean
