f1,recall,precision,auc,accuracy,name,dataset,dataset_kind,model,prediction_kind
0.6917293233082707,0.9387755102040817,0.5476190476190477,0.6766439909297053,0.5638297872340425,baseline-ws-ablation-final:window-size-1-run-1,d-vlog,validation,baseline,last
0.7288135593220338,0.8775510204081632,0.6231884057971014,0.7736961451247165,0.6595744680851063,baseline-ws-ablation-final:window-size-1-run-1,d-vlog,validation,baseline,mean
