f1,recall,precision,auc,accuracy,name,dataset,dataset_kind,model,prediction_kind
0.6692015209125476,0.8543689320388349,0.55,0.6002483630616392,0.5396825396825397,baseline-ws-ablation-final:window-size-3-run-3,d-vlog,test,baseline,last
0.7692307692307692,0.8737864077669902,0.6870229007633588,0.7807631519530369,0.7142857142857143,baseline-ws-ablation-final:window-size-3-run-3,d-vlog,test,baseline,mean
