f1,recall,precision,auc,accuracy,name,dataset,dataset_kind,model,prediction_kind
0.6213592233009709,0.6530612244897959,0.5925925925925926,0.5682539682539682,0.5851063829787234,baseline-ws-ablation-final:window-size-9-run-1,d-vlog,validation,baseline,last
0.796116504854369,0.8367346938775511,0.7592592592592593,0.8231292517006803,0.776595744680851,baseline-ws-ablation-final:window-size-9-run-1,d-vlog,validation,baseline,mean
