f1,recall,precision,auc,accuracy,name,dataset,dataset_kind,model,prediction_kind
0.6122448979591837,0.6122448979591837,0.6122448979591837,0.6226757369614513,0.5957446808510638,baseline-ws-ablation-final:window-size-6-run-3,d-vlog,validation,baseline,last
0.7799999999999999,0.7959183673469388,0.7647058823529411,0.8058956916099773,0.7659574468085106,baseline-ws-ablation-final:window-size-6-run-3,d-vlog,validation,baseline,mean
