f1,recall,precision,auc,accuracy,name,dataset,dataset_kind,model,prediction_kind
0.6779661016949153,0.8163265306122449,0.5797101449275363,0.6349206349206349,0.5957446808510638,baseline-ws-ablation-final:window-size-4-run-3,d-vlog,validation,baseline,last
0.7735849056603773,0.8367346938775511,0.7192982456140351,0.784126984126984,0.7446808510638298,baseline-ws-ablation-final:window-size-4-run-3,d-vlog,validation,baseline,mean
