f1,recall,precision,auc,accuracy,name,dataset,dataset_kind,model,prediction_kind
0.7086614173228347,0.8737864077669902,0.5960264900662252,0.6450666064574397,0.6084656084656085,baseline-ws-ablation-final:window-size-9-run-3,d-vlog,test,baseline,last
0.7321428571428571,0.7961165048543689,0.6776859504132231,0.7983743508692707,0.6825396825396826,baseline-ws-ablation-final:window-size-9-run-3,d-vlog,test,baseline,mean
