f1,recall,precision,auc,accuracy,name,dataset,dataset_kind,model,prediction_kind
0.6558704453441295,0.7864077669902912,0.5625,0.6054414088959132,0.5502645502645502,baseline-ws-ablation-final:window-size-7-run-2,d-vlog,test,baseline,last
0.7706422018348624,0.8155339805825242,0.7304347826086957,0.792391058929781,0.7354497354497355,baseline-ws-ablation-final:window-size-7-run-2,d-vlog,test,baseline,mean
