f1,recall,precision,auc,accuracy,name,dataset,dataset_kind,model,prediction_kind
0.6779661016949153,0.8163265306122449,0.5797101449275363,0.6158730158730159,0.5957446808510638,baseline-ws-ablation-final:window-size-4-run-2,d-vlog,validation,baseline,last
0.7796610169491526,0.9387755102040817,0.6666666666666666,0.8290249433106576,0.723404255319149,baseline-ws-ablation-final:window-size-4-run-2,d-vlog,validation,baseline,mean
