f1,recall,precision,auc,accuracy,name,dataset,dataset_kind,model,prediction_kind
0.6491228070175439,0.7184466019417476,0.592,0.6079250395123054,0.5767195767195767,baseline-ws-ablation-final:window-size-8-run-2,d-vlog,test,baseline,last
0.7234042553191489,0.8252427184466019,0.6439393939393939,0.7791826597426055,0.656084656084656,baseline-ws-ablation-final:window-size-8-run-2,d-vlog,test,baseline,mean
