f1,recall,precision,auc,accuracy,name,dataset,dataset_kind,model,prediction_kind
0.7132352941176471,0.941747572815534,0.5739644970414202,0.5369157823436442,0.5873015873015873,baseline-ws-ablation-final:window-size-1-run-1,d-vlog,test,baseline,last
0.7381974248927039,0.8349514563106796,0.6615384615384615,0.759426507112215,0.6772486772486772,baseline-ws-ablation-final:window-size-1-run-1,d-vlog,test,baseline,mean
