f1,recall,precision,auc,accuracy,name,dataset,dataset_kind,model,prediction_kind
0.6349206349206349,0.8163265306122449,0.5194805194805194,0.4902494331065759,0.5106382978723404,baseline-ws-ablation-final:window-size-7-run-3,d-vlog,validation,baseline,last
0.7927927927927928,0.8979591836734694,0.7096774193548387,0.8326530612244898,0.7553191489361702,baseline-ws-ablation-final:window-size-7-run-3,d-vlog,validation,baseline,mean
