f1,recall,precision,auc,accuracy,name,dataset,dataset_kind,model,prediction_kind
0.6776859504132232,0.8367346938775511,0.5694444444444444,0.6526077097505669,0.5851063829787234,baseline-ws-ablation-final:window-size-9-run-3,d-vlog,validation,baseline,last
0.7818181818181819,0.8775510204081632,0.7049180327868853,0.8068027210884353,0.7446808510638298,baseline-ws-ablation-final:window-size-9-run-3,d-vlog,validation,baseline,mean
