f1,recall,precision,auc,accuracy,name,dataset,dataset_kind,model,prediction_kind
0.6831275720164609,0.8058252427184466,0.5928571428571429,0.5916685482050124,0.5925925925925926,baseline-ws-ablation-final:window-size-1-run-2,d-vlog,test,baseline,last
0.7417840375586854,0.7669902912621359,0.7181818181818181,0.7833596748701738,0.708994708994709,baseline-ws-ablation-final:window-size-1-run-2,d-vlog,test,baseline,mean
