f1,recall,precision,auc,accuracy,name,dataset,dataset_kind,model,prediction_kind
0.6612903225806451,0.8367346938775511,0.5466666666666666,0.5573696145124717,0.5531914893617021,baseline-ws-ablation-final:window-size-3-run-3,d-vlog,validation,baseline,last
0.7500000000000001,0.9183673469387755,0.6338028169014085,0.783219954648526,0.6808510638297872,baseline-ws-ablation-final:window-size-3-run-3,d-vlog,validation,baseline,mean
