f1,recall,precision,auc,accuracy,name,dataset,dataset_kind,model,prediction_kind
0.6779661016949153,0.8163265306122449,0.5797101449275363,0.6526077097505669,0.5957446808510638,baseline-ws-ablation-final:window-size-6-run-2,d-vlog,validation,baseline,last
0.7894736842105262,0.9183673469387755,0.6923076923076923,0.8122448979591836,0.7446808510638298,baseline-ws-ablation-final:window-size-6-run-2,d-vlog,validation,baseline,mean
