f1,recall,precision,auc,accuracy,name,dataset,dataset_kind,model,prediction_kind
0.6829268292682926,0.8571428571428571,0.5675675675675675,0.5859410430839003,0.5851063829787234,baseline-ws-ablation-final:window-size-1-run-3,d-vlog,validation,baseline,last
0.7476635514018692,0.8163265306122449,0.6896551724137931,0.7945578231292516,0.7127659574468085,baseline-ws-ablation-final:window-size-1-run-3,d-vlog,validation,baseline,mean
