f1,recall,precision,auc,accuracy,name,dataset,dataset_kind,model,prediction_kind
0.6846153846153846,0.8640776699029126,0.5668789808917197,0.6340031609844208,0.5661375661375662,baseline-ws-ablation-final:window-size-10-run-2,d-vlog,test,baseline,last
0.765625,0.9514563106796117,0.6405228758169934,0.7939715511402122,0.6825396825396826,baseline-ws-ablation-final:window-size-10-run-2,d-vlog,test,baseline,mean
