{"E85JaPlwlS8": [0.4007193148136139, 0.3022818863391876, 0.2858959436416626, 0.34191444516181946, 0.24455176293849945], "xF601w3RLf4": [0.9133840799331665, 0.9456393718719482, 0.9460073709487915, 0.8690433502197266, 0.9194221496582031], "Vn1XE-M1wmQ": [0.8475772142410278, 0.754297137260437, 0.7942127585411072, 0.6453832983970642, 0.6567928791046143], "cM79qBREQJI": [0.5322265028953552, 0.6532210111618042, 0.5747162103652954, 0.739901602268219, 0.6871060132980347], "AcS39wEvXi8": [0.3303965628147125, 0.5639094114303589, 0.34535670280456543, 0.35604143142700195, 0.4229159951210022], "ggDebBFoM78": [0.4924624264240265, 0.48144617676734924, 0.4276919960975647, 0.4364803731441498, 0.48468878865242004], "zkPZQK5ftNU": [0.6607962846755981, 0.5633383393287659, 0.3844761848449707, 0.4876993000507355, 0.5217025279998779], "a6YeNlSN7UY": [0.7619302272796631, 0.9052830338478088, 0.9247040152549744, 0.9412057995796204, 0.9598500728607178], "JbV1dpLD_wI": [0.48213991522789, 0.48507383465766907, 0.5174087285995483, 0.5173871517181396, 0.4947737753391266], "89WGIbhv4DY": [0.6427724957466125, 0.41287049651145935, 0.4722013771533966, 0.5510073900222778, 0.3642135262489319], "BDTpn6Ralbs": [0.7657635807991028, 0.6556582450866699, 0.6962841153144836, 0.5902606844902039, 0.6373999714851379], "neXqyM0ybak": [0.6259428858757019, 0.6669291853904724, 0.8072576522827148, 0.7377140522003174, 0.6158047914505005], "J_Lv7d0GnBE": [0.6569851040840149, 0.861746609210968, 0.4336261451244354, 0.44385337829589844, 0.4707953631877899], "nZTjyBhTGxs": [0.753059983253479, 0.7643251419067383, 0.7077186703681946, 0.718904435634613, 0.7651295065879822], "wQ8uEOUfZ5o": [0.8472974300384521, 0.7956631183624268, 0.8260689377784729, 0.757457971572876, 0.8546255826950073], "k2sKCWgHjoE": [0.31160295009613037, 0.43528512120246887, 0.3839883804321289, 0.7061781287193298, 0.3803956210613251], "fgMGjQRKtFo": [0.8035389184951782, 0.36160627007484436, 0.7269247174263, 0.9156894087791443, 0.6625829339027405], "sedf4FFKFi4": [0.2967098653316498, 0.5113623142242432, 0.3119639754295349, 0.3199867308139801, 0.30451053380966187], "KFkfxoMY0Fw": [0.8631724715232849, 0.7375956773757935, 0.686504065990448, 0.703524112701416, 0.7910788655281067], "pq1iyuGwANY": [0.5327991247177124, 0.6653456687927246, 0.8108575344085693, 0.4651689827442169, 0.7379872798919678], "MMT3o8iVEww": [0.2861465811729431, 0.2626953125, 0.2751496434211731, 0.2703181803226471, 0.25662943720817566], "MbwnX2oww5E": [0.6187918782234192, 0.4632016122341156, 0.5722549557685852, 0.5018675327301025, 0.44828110933303833], "iU_dUqc6ncU": [0.707054853439331, 0.5051363706588745, 0.4777517318725586, 0.8813875913619995, 0.6860986948013306], "nLbySsd-bKc": [0.3197648525238037, 0.34606286883354187, 0.46967726945877075, 0.39614179730415344, 0.4318298399448395], "cSEyFNo3mLA": [0.3011071979999542, 0.41662082076072693, 0.4798136055469513, 0.5844725966453552, 0.5172389149665833], "5sJFFvSnv_k": [0.5607268214225769, 0.09660264104604721, 0.46632716059684753, 0.5952862501144409, 0.5448969006538391], "UdSApMl5w9s": [0.7731056213378906, 0.5919563174247742, 0.30284276604652405, 0.4762282073497772, 0.5517237186431885], "oXXMXBAtfjY": [0.47234877943992615, 0.5345375537872314, 0.6788488030433655, 0.36746105551719666, 0.6116322875022888], "01yeH---8Ok": [0.847378671169281, 0.7820501923561096, 0.7667580842971802, 0.694119393825531, 0.6870000958442688], "pHBmF9mRlfQ": [0.5266671180725098, 0.40776190161705017, 0.4652526080608368, 0.35691413283348083, 0.37555569410324097], "MG3Ev2867gc": [0.323681503534317, 0.3111222982406616, 0.3748178780078888, 0.4765060544013977, 0.4092084765434265], "Ou1VjphrtjE": [0.5987443327903748, 0.4018145203590393, 0.4444746673107147, 0.552383303642273, 0.5309562087059021], "VjpuGNQ_gCg": [0.44707608222961426, 0.5799272060394287, 0.4918741285800934, 0.3671119213104248, 0.6477239727973938], "AYuyU1MGdW4": [0.5413581728935242, 0.67205411195755, 0.7205061316490173, 0.5093985795974731, 0.577487051486969], "fiAdhkubE9o": [0.46589395403862, 0.31870147585868835, 0.416655957698822, 0.4420391619205475, 0.6545668244361877], "ODGPVRRoiDY": [0.556718647480011, 0.6143682599067688, 0.6259638667106628, 0.6790719032287598, 0.6333521604537964], "b81gLujIk28": [0.40892666578292847, 0.4668460488319397, 0.5271613597869873, 0.42805957794189453, 0.5786895751953125], "miy8NgAImvI": [0.44708704948425293, 0.35537904500961304, 0.5953230261802673, 0.3362771272659302, 0.31675854325294495], "6WxFSa0HblQ": [0.5162443518638611, 0.5144623517990112, 0.6841923594474792, 0.7172029614448547, 0.5028859376907349], "D8egrTRS0q4": [0.20155714452266693, 0.2428465485572815, 0.3454333245754242, 0.2522273659706116, 0.23629479110240936], "yFDT_v61xvY": [0.7127124071121216, 0.4846688210964203, 0.697848379611969, 0.5266828536987305, 0.5024529099464417], "Yq-UcUIUNsg": [0.6960968971252441, 0.7260555624961853, 0.6087018847465515, 0.6315070986747742, 0.6074376106262207], "9ydVL_M3LlI": [0.44786012172698975, 0.40561363101005554, 0.43201082944869995, 0.408515989780426, 0.36376044154167175], "gxZjgt3Gnug": [0.6310925483703613, 0.6454191207885742, 0.7748295068740845, 0.8051885962486267, 0.8634438514709473], "yvopo8DokOE": [0.7053598761558533, 0.7362849116325378, 0.7173481583595276, 0.8085313439369202, 0.8367606997489929], "Tz-N7evTCqw": [0.5609425902366638, 0.6220563650131226, 0.7033332586288452, 0.5271447896957397, 0.7675026059150696], "ysaIm1hyoVg": [0.5212678909301758, 0.43702179193496704, 0.5284813046455383, 0.4722622334957123, 0.4752735197544098], "jD3w-RPUxWU": [0.682439923286438, 0.35353365540504456, 0.7470974922180176, 0.7325873374938965, 0.45828405022621155], "GCsj2DNzEok": [0.5175065398216248, 0.4143465459346771, 0.7000541687011719, 0.4717877507209778, 0.538902759552002], "9fOPYFPVJMs": [0.722524106502533, 0.7125213742256165, 0.7130902409553528, 0.6993163824081421, 0.722524106502533], "4jZHEcCqE68": [0.3901480436325073, 0.5107476711273193, 0.5225136876106262, 0.38970544934272766, 0.4205339252948761], "ddlKyBvf-w0": [0.602839469909668, 0.9399590492248535, 0.7099694609642029, 0.7985186576843262, 0.8567668795585632], "GTAON14s0qk": [0.49517688155174255, 0.8159375190734863, 0.43596893548965454, 0.7656733989715576, 0.5268986225128174], "yZ1A4PjO9Yg": [0.7216760516166687, 0.714706540107727, 0.6055256128311157, 0.6305561661720276, 0.5843274593353271], "VrIxSlwb0JA": [0.7060874700546265, 0.6658020615577698, 0.5647649765014648, 0.5624136924743652, 0.7359314560890198], "bX_myav0ncQ": [0.32039108872413635, 0.2577235698699951, 0.25377991795539856, 0.19841238856315613, 0.18883509933948517], "eTU-x7UZyLA": [0.8882295489311218, 0.9509886503219604, 0.6831468939781189, 0.6222609877586365, 0.5941126942634583], "ibo_KyIobO0": [0.5062675476074219, 0.5030255317687988, 0.5029345750808716, 0.48607394099235535, 0.5189045071601868], "L8PRUDSDR34": [0.72004234790802, 0.7241493463516235, 0.6564825773239136, 0.6243915557861328, 0.6741825342178345], "kjUq9i-Svc0": [0.6999685764312744, 0.8149914741516113, 0.9490878582000732, 0.730491578578949, 0.7708310484886169], "ls047ig2tmI": [0.6857355833053589, 0.8150984048843384, 0.5980244278907776, 0.763323962688446, 0.7112589478492737], "iqNkhjey6JA": [0.8172721266746521, 0.7844553589820862, 0.717797040939331, 0.7444247007369995, 0.7917042970657349], "dAdpG7llKJY": [0.41181680560112, 0.6778770685195923, 0.3887026607990265, 0.6873643398284912, 0.43556341528892517], "fBihycn7KVU": [0.7692049741744995, 0.7321127653121948, 0.6808129549026489, 0.6003665924072266, 0.9096478819847107], "PAca7QEQCXQ": [0.7629814743995667, 0.45000654458999634, 0.6551129817962646, 0.41409727931022644, 0.4615584909915924], "AMqLHpvMjso": [0.8688778281211853, 0.8241524696350098, 0.8067256808280945, 0.8287295699119568, 0.8747221231460571], "ubHV71mIAiU": [0.48046278953552246, 0.5477285981178284, 0.3307078778743744, 0.44037312269210815, 0.552590012550354], "B_WuiRR021E": [0.6568925380706787, 0.5725306868553162, 0.7072507739067078, 0.6643514633178711, 0.9124988317489624],