f1,recall,precision,auc,accuracy,name,dataset,model
0.6213592233009709,0.6530612244897959,0.5925925925925926,0.6299319727891157,0.5851063829787234,baseline-big-model-window-size-ablation-2:window-size-10-run-1,d-vlog,baseline
