f1,recall,precision,auc,accuracy,name,dataset,dataset_kind,model,prediction_kind
0.5454545454545454,0.46601941747572817,0.6575342465753424,0.5628810115150148,0.5767195767195767,dvlog-baseline-ablation-modalities-final:lm-eyes-run-3,d-vlog,test,baseline,last
0.6702702702702702,0.6019417475728155,0.7560975609756098,0.701286972228494,0.6772486772486772,dvlog-baseline-ablation-modalities-final:lm-eyes-run-3,d-vlog,test,baseline,mean
