f1,recall,precision,auc,accuracy,name,dataset,dataset_kind,model,prediction_kind
0.4583333333333333,0.4489795918367347,0.46808510638297873,0.4575963718820862,0.44680851063829785,dvlog-baseline-ablation-modalities-final:lm-run-3,d-vlog,validation,baseline,last
0.7058823529411764,0.7346938775510204,0.6792452830188679,0.6988662131519274,0.6808510638297872,dvlog-baseline-ablation-modalities-final:lm-run-3,d-vlog,validation,baseline,mean
