f1,recall,precision,auc,accuracy,name,dataset,dataset_kind,model,prediction_kind
0.41025641025641024,0.32653061224489793,0.5517241379310345,0.528344671201814,0.5106382978723404,dvlog-baseline-ablation-modalities-final:lm-run-2,d-vlog,validation,baseline,last
0.7289719626168225,0.7959183673469388,0.6724137931034483,0.7029478458049886,0.6914893617021277,dvlog-baseline-ablation-modalities-final:lm-run-2,d-vlog,validation,baseline,mean
