f1,recall,precision,auc,accuracy,name,dataset,dataset_kind,model,prediction_kind
0.6071428571428572,0.6938775510204082,0.5396825396825397,0.6113378684807257,0.5319148936170213,dvlog-baseline-model-size-ablation:pt-0.25-spw-9-nl-8-nh8-hd32-run-1,d-vlog,validation,baseline,last
0.7850467289719627,0.8571428571428571,0.7241379310344828,0.8208616780045351,0.7553191489361702,dvlog-baseline-model-size-ablation:pt-0.25-spw-9-nl-8-nh8-hd32-run-1,d-vlog,validation,baseline,mean
