f1,recall,precision,auc,accuracy,name,dataset,dataset_kind,model,prediction_kind
0.6607929515418502,0.7281553398058253,0.6048387096774194,0.6149243621585007,0.5925925925925926,dvlog-baseline-model-size-ablation:pt-0.25-spw-6-nl-8-nh8-hd32-run-1,d-vlog,test,baseline,last
0.7298578199052131,0.7475728155339806,0.7129629629629629,0.7931813050349966,0.6984126984126984,dvlog-baseline-model-size-ablation:pt-0.25-spw-6-nl-8-nh8-hd32-run-1,d-vlog,test,baseline,mean
