f1,recall,precision,auc,accuracy,name,dataset,dataset_kind,model,prediction_kind
0.7228915662650602,0.8737864077669902,0.6164383561643836,0.6753217430571236,0.6349206349206349,dvlog-baseline-model-size-ablation:pt-0.25-spw-9-nl-8-nh8-hd32-run-1,d-vlog,test,baseline,last
0.7692307692307692,0.8737864077669902,0.6870229007633588,0.8069541657258975,0.7142857142857143,dvlog-baseline-model-size-ablation:pt-0.25-spw-9-nl-8-nh8-hd32-run-1,d-vlog,test,baseline,mean
