f1,recall,precision,auc,accuracy,name,dataset,dataset_kind,model,prediction_kind
0.6715328467153285,0.9387755102040817,0.5227272727272727,0.5995464852607709,0.5212765957446809,dvlog-baseline-model-size-ablation:pt-0.25-spw-6-nl-8-nh4-hd64-run-3,d-vlog,validation,baseline,last
0.7521367521367522,0.8979591836734694,0.6470588235294118,0.7814058956916099,0.6914893617021277,dvlog-baseline-model-size-ablation:pt-0.25-spw-6-nl-8-nh4-hd64-run-3,d-vlog,validation,baseline,mean
