f1,recall,precision,auc,accuracy,name,dataset,dataset_kind,model,prediction_kind
0.6122448979591837,0.6122448979591837,0.6122448979591837,0.6113378684807256,0.5957446808510638,dvlog-baseline-model-size-ablation:pt-0.25-spw-9-nl-8-nh8-hd32-run-2,d-vlog,validation,baseline,last
0.7799999999999999,0.7959183673469388,0.7647058823529411,0.7868480725623582,0.7659574468085106,dvlog-baseline-model-size-ablation:pt-0.25-spw-9-nl-8-nh8-hd32-run-2,d-vlog,validation,baseline,mean
