f1,recall,precision,auc,accuracy,name,dataset,dataset_kind,model,prediction_kind
0.5904761904761904,0.6019417475728155,0.5794392523364486,0.5609618424023483,0.544973544973545,dvlog-baseline-model-size-ablation:pt-0.25-spw-6-nl-8-nh8-hd32-run-2,d-vlog,test,baseline,last
0.7431192660550459,0.7864077669902912,0.7043478260869566,0.7849401670806052,0.7037037037037037,dvlog-baseline-model-size-ablation:pt-0.25-spw-6-nl-8-nh8-hd32-run-2,d-vlog,test,baseline,mean
