f1,recall,precision,auc,accuracy,name,dataset,dataset_kind,model,prediction_kind
0.6696428571428572,0.7281553398058253,0.6198347107438017,0.6228268232106571,0.6084656084656085,dvlog-baseline-model-size-ablation:pt-0.25-spw-9-nl-8-nh8-hd32-run-3,d-vlog,test,baseline,last
0.7208121827411168,0.6893203883495146,0.7553191489361702,0.8182433958004064,0.708994708994709,dvlog-baseline-model-size-ablation:pt-0.25-spw-9-nl-8-nh8-hd32-run-3,d-vlog,test,baseline,mean
