f1,recall,precision,auc,accuracy,name,dataset,dataset_kind,model,prediction_kind
0.6484018264840183,0.6893203883495146,0.6120689655172413,0.6128923007450892,0.5925925925925926,dvlog-baseline-model-size-ablation:pt-0.25-spw-9-nl-8-nh8-hd32-run-2,d-vlog,test,baseline,last
0.719626168224299,0.7475728155339806,0.6936936936936937,0.7692481372770377,0.6825396825396826,dvlog-baseline-model-size-ablation:pt-0.25-spw-9-nl-8-nh8-hd32-run-2,d-vlog,test,baseline,mean
